measurement_id,site_name,target_cd,measured_cd,focus,dose,pattern_type,pitch,measurement_uncertainty,layer
P00001,C,45,82.005,-150,0.85,line_space,90,1.2,M1
P00002,TL,45,82.114,-150,0.85,line_space,90,1.2,M1
P00003,BR,45,82.719,-150,0.85,line_space,90,1.2,M1
P00004,C,45,81.496,-150,0.92,line_space,90,1.2,M1
P00005,TL,45,79.927,-150,0.92,line_space,90,1.2,M1
P00006,BR,45,79.26,-150,0.92,line_space,90,1.2,M1
P00007,C,45,81.88,-150,1.0,line_space,90,1.2,M1
P00008,TL,45,81.935,-150,1.0,line_space,90,1.2,M1
P00009,BR,45,79.686,-150,1.0,line_space,90,1.2,M1
P00010,C,45,80.983,-150,1.08,line_space,90,1.2,M1
P00011,TL,45,81.118,-150,1.08,line_space,90,1.2,M1
P00012,BR,45,80.571,-150,1.08,line_space,90,1.2,M1
P00013,C,45,81.143,-150,1.15,line_space,90,1.2,M1
P00014,TL,45,80.19,-150,1.15,line_space,90,1.2,M1
P00015,BR,45,81.142,-150,1.15,line_space,90,1.2,M1
P00016,C,45,81.387,-100,0.85,line_space,90,1.2,M1
P00017,TL,45,80.378,-100,0.85,line_space,90,1.2,M1
P00018,BR,45,79.656,-100,0.85,line_space,90,1.2,M1
P00019,C,45,80.716,-100,0.92,line_space,90,1.2,M1
P00020,TL,45,81.022,-100,0.92,line_space,90,1.2,M1
P00021,BR,45,81.833,-100,0.92,line_space,90,1.2,M1
P00022,C,45,81.471,-100,1.0,line_space,90,1.2,M1
P00023,TL,45,82.604,-100,1.0,line_space,90,1.2,M1
P00024,BR,45,79.405,-100,1.0,line_space,90,1.2,M1
P00025,C,45,79.777,-100,1.08,line_space,90,1.2,M1
P00026,TL,45,81.49,-100,1.08,line_space,90,1.2,M1
P00027,BR,45,81.678,-100,1.08,line_space,90,1.2,M1
P00028,C,45,79.273,-100,1.15,line_space,90,1.2,M1
P00029,TL,45,79.461,-100,1.15,line_space,90,1.2,M1
P00030,BR,45,82.775,-100,1.15,line_space,90,1.2,M1
P00031,C,45,82.617,-60,0.85,line_space,90,1.2,M1
P00032,TL,45,80.776,-60,0.85,line_space,90,1.2,M1
P00033,BR,45,84.248,-60,0.85,line_space,90,1.2,M1
P00034,C,45,78.812,-60,0.92,line_space,90,1.2,M1
P00035,TL,45,80.258,-60,0.92,line_space,90,1.2,M1
P00036,BR,45,81.53,-60,0.92,line_space,90,1.2,M1
P00037,C,45,83.849,-60,1.0,line_space,90,1.2,M1
P00038,TL,45,81.097,-60,1.0,line_space,90,1.2,M1
P00039,BR,45,82.568,-60,1.0,line_space,90,1.2,M1
P00040,C,45,82.286,-60,1.08,line_space,90,1.2,M1
P00041,TL,45,81.804,-60,1.08,line_space,90,1.2,M1
P00042,BR,45,81.693,-60,1.08,line_space,90,1.2,M1
P00043,C,45,82.14,-60,1.15,line_space,90,1.2,M1
P00044,TL,45,80.459,-60,1.15,line_space,90,1.2,M1
P00045,BR,45,81.59,-60,1.15,line_space,90,1.2,M1
P00046,C,45,63.669,-30,0.85,line_space,90,1.2,M1
P00047,TL,45,62.624,-30,0.85,line_space,90,1.2,M1
P00048,BR,45,63.952,-30,0.85,line_space,90,1.2,M1
P00049,C,45,63.392,-30,0.92,line_space,90,1.2,M1
P00050,TL,45,65.477,-30,0.92,line_space,90,1.2,M1
P00051,BR,45,63.976,-30,0.92,line_space,90,1.2,M1
P00052,C,45,63.647,-30,1.0,line_space,90,1.2,M1
P00053,TL,45,62.66,-30,1.0,line_space,90,1.2,M1
P00054,BR,45,61.881,-30,1.0,line_space,90,1.2,M1
P00055,C,45,61.926,-30,1.08,line_space,90,1.2,M1
P00056,TL,45,64.049,-30,1.08,line_space,90,1.2,M1
P00057,BR,45,63.762,-30,1.08,line_space,90,1.2,M1
P00058,C,45,60.813,-30,1.15,line_space,90,1.2,M1
P00059,TL,45,63.36,-30,1.15,line_space,90,1.2,M1
P00060,BR,45,63.77,-30,1.15,line_space,90,1.2,M1
P00061,C,45,51.612,0,0.85,line_space,90,1.2,M1
P00062,TL,45,52.795,0,0.85,line_space,90,1.2,M1
P00063,BR,45,49.445,0,0.85,line_space,90,1.2,M1
P00064,C,45,52.651,0,0.92,line_space,90,1.2,M1
P00065,TL,45,53.968,0,0.92,line_space,90,1.2,M1
P00066,BR,45,51.142,0,0.92,line_space,90,1.2,M1
P00067,C,45,52.61,0,1.0,line_space,90,1.2,M1
P00068,TL,45,49.837,0,1.0,line_space,90,1.2,M1
P00069,BR,45,51.449,0,1.0,line_space,90,1.2,M1
P00070,C,45,52.009,0,1.08,line_space,90,1.2,M1
P00071,TL,45,49.518,0,1.08,line_space,90,1.2,M1
P00072,BR,45,54.767,0,1.08,line_space,90,1.2,M1
P00073,C,45,48.711,0,1.15,line_space,90,1.2,M1
P00074,TL,45,54.716,0,1.15,line_space,90,1.2,M1
P00075,BR,45,51.102,0,1.15,line_space,90,1.2,M1
P00076,C,45,39.351,30,0.85,line_space,90,1.2,M1
P00077,TL,45,40.101,30,0.85,line_space,90,1.2,M1
P00078,BR,45,38.842,30,0.85,line_space,90,1.2,M1
P00079,C,45,38.376,30,0.92,line_space,90,1.2,M1
P00080,TL,45,40.868,30,0.92,line_space,90,1.2,M1
P00081,BR,45,42.417,30,0.92,line_space,90,1.2,M1
P00082,C,45,38.232,30,1.0,line_space,90,1.2,M1
P00083,TL,45,40.892,30,1.0,line_space,90,1.2,M1
P00084,BR,45,41.174,30,1.0,line_space,90,1.2,M1
P00085,C,45,39.491,30,1.08,line_space,90,1.2,M1
P00086,TL,45,36.8,30,1.08,line_space,90,1.2,M1
P00087,BR,45,39.205,30,1.08,line_space,90,1.2,M1
P00088,C,45,39.051,30,1.15,line_space,90,1.2,M1
P00089,TL,45,42.09,30,1.15,line_space,90,1.2,M1
P00090,BR,45,40.217,30,1.15,line_space,90,1.2,M1
P00091,C,45,12.498,60,0.85,line_space,90,1.2,M1
P00092,TL,45,15.349,60,0.85,line_space,90,1.2,M1
P00093,BR,45,14.707,60,0.85,line_space,90,1.2,M1
P00094,C,45,12.514,60,0.92,line_space,90,1.2,M1
P00095,TL,45,13.958,60,0.92,line_space,90,1.2,M1
P00096,BR,45,13.448,60,0.92,line_space,90,1.2,M1
P00097,C,45,13.999,60,1.0,line_space,90,1.2,M1
P00098,TL,45,16.243,60,1.0,line_space,90,1.2,M1
P00099,BR,45,12.847,60,1.0,line_space,90,1.2,M1
P00100,C,45,15.809,60,1.08,line_space,90,1.2,M1
P00101,TL,45,11.336,60,1.08,line_space,90,1.2,M1
P00102,BR,45,17.943,60,1.08,line_space,90,1.2,M1
P00103,C,45,18.143,60,1.15,line_space,90,1.2,M1
P00104,TL,45,14.306,60,1.15,line_space,90,1.2,M1
P00105,BR,45,17.189,60,1.15,line_space,90,1.2,M1
P00106,C,45,2.59,100,0.85,line_space,90,1.2,M1
P00107,TL,45,-1.551,100,0.85,line_space,90,1.2,M1
P00108,BR,45,1.713,100,0.85,line_space,90,1.2,M1
P00109,C,45,1.433,100,0.92,line_space,90,1.2,M1
P00110,TL,45,0.861,100,0.92,line_space,90,1.2,M1
P00111,BR,45,2.493,100,0.92,line_space,90,1.2,M1
P00112,C,45,0.117,100,1.0,line_space,90,1.2,M1
P00113,TL,45,-0.618,100,1.0,line_space,90,1.2,M1
P00114,BR,45,-1.171,100,1.0,line_space,90,1.2,M1
P00115,C,45,1.771,100,1.08,line_space,90,1.2,M1
P00116,TL,45,0.693,100,1.08,line_space,90,1.2,M1
P00117,BR,45,1.027,100,1.08,line_space,90,1.2,M1
P00118,C,45,0.915,100,1.15,line_space,90,1.2,M1
P00119,TL,45,1.081,100,1.15,line_space,90,1.2,M1
P00120,BR,45,1.743,100,1.15,line_space,90,1.2,M1
P00121,C,45,0.902,150,0.85,line_space,90,1.2,M1
P00122,TL,45,1.547,150,0.85,line_space,90,1.2,M1
P00123,BR,45,-0.144,150,0.85,line_space,90,1.2,M1
P00124,C,45,4.048,150,0.92,line_space,90,1.2,M1
P00125,TL,45,-0.365,150,0.92,line_space,90,1.2,M1
P00126,BR,45,-0.89,150,0.92,line_space,90,1.2,M1
P00127,C,45,1.902,150,1.0,line_space,90,1.2,M1
P00128,TL,45,2.184,150,1.0,line_space,90,1.2,M1
P00129,BR,45,0.901,150,1.0,line_space,90,1.2,M1
P00130,C,45,2.333,150,1.08,line_space,90,1.2,M1
P00131,TL,45,-1.668,150,1.08,line_space,90,1.2,M1
P00132,BR,45,-0.278,150,1.08,line_space,90,1.2,M1
P00133,C,45,1.694,150,1.15,line_space,90,1.2,M1
P00134,TL,45,0.332,150,1.15,line_space,90,1.2,M1
P00135,BR,45,1.317,150,1.15,line_space,90,1.2,M1
P00136,C,60,106.285,-150,0.85,line_space,120,1.2,M1
P00137,TL,60,110.464,-150,0.85,line_space,120,1.2,M1
P00138,BR,60,109.522,-150,0.85,line_space,120,1.2,M1
P00139,C,60,109.649,-150,0.92,line_space,120,1.2,M1
P00140,TL,60,108.194,-150,0.92,line_space,120,1.2,M1
P00141,BR,60,107.133,-150,0.92,line_space,120,1.2,M1
P00142,C,60,107.113,-150,1.0,line_space,120,1.2,M1
P00143,TL,60,109.151,-150,1.0,line_space,120,1.2,M1
P00144,BR,60,107.662,-150,1.0,line_space,120,1.2,M1
P00145,C,60,107.121,-150,1.08,line_space,120,1.2,M1
P00146,TL,60,106.582,-150,1.08,line_space,120,1.2,M1
P00147,BR,60,105.025,-150,1.08,line_space,120,1.2,M1
P00148,C,60,108.195,-150,1.15,line_space,120,1.2,M1
P00149,TL,60,107.907,-150,1.15,line_space,120,1.2,M1
P00150,BR,60,105.251,-150,1.15,line_space,120,1.2,M1
P00151,C,60,107.957,-100,0.85,line_space,120,1.2,M1
P00152,TL,60,107.086,-100,0.85,line_space,120,1.2,M1
P00153,BR,60,108.265,-100,0.85,line_space,120,1.2,M1
P00154,C,60,106.382,-100,0.92,line_space,120,1.2,M1
P00155,TL,60,108.942,-100,0.92,line_space,120,1.2,M1
P00156,BR,60,107.739,-100,0.92,line_space,120,1.2,M1
P00157,C,60,110.318,-100,1.0,line_space,120,1.2,M1
P00158,TL,60,108.853,-100,1.0,line_space,120,1.2,M1
P00159,BR,60,107.998,-100,1.0,line_space,120,1.2,M1
P00160,C,60,110.042,-100,1.08,line_space,120,1.2,M1
P00161,TL,60,106.995,-100,1.08,line_space,120,1.2,M1
P00162,BR,60,108.884,-100,1.08,line_space,120,1.2,M1
P00163,C,60,109.047,-100,1.15,line_space,120,1.2,M1
P00164,TL,60,109.492,-100,1.15,line_space,120,1.2,M1
P00165,BR,60,107.271,-100,1.15,line_space,120,1.2,M1
P00166,C,60,102.613,-60,0.85,line_space,120,1.2,M1
P00167,TL,60,104.633,-60,0.85,line_space,120,1.2,M1
P00168,BR,60,103.08,-60,0.85,line_space,120,1.2,M1
P00169,C,60,103.615,-60,0.92,line_space,120,1.2,M1
P00170,TL,60,104.253,-60,0.92,line_space,120,1.2,M1
P00171,BR,60,106.133,-60,0.92,line_space,120,1.2,M1
P00172,C,60,107.041,-60,1.0,line_space,120,1.2,M1
P00173,TL,60,105.589,-60,1.0,line_space,120,1.2,M1
P00174,BR,60,103.693,-60,1.0,line_space,120,1.2,M1
P00175,C,60,103.602,-60,1.08,line_space,120,1.2,M1
P00176,TL,60,101.605,-60,1.08,line_space,120,1.2,M1
P00177,BR,60,104.535,-60,1.08,line_space,120,1.2,M1
P00178,C,60,103.131,-60,1.15,line_space,120,1.2,M1
P00179,TL,60,103.574,-60,1.15,line_space,120,1.2,M1
P00180,BR,60,102.765,-60,1.15,line_space,120,1.2,M1
P00181,C,60,76.894,-30,0.85,line_space,120,1.2,M1
P00182,TL,60,76.745,-30,0.85,line_space,120,1.2,M1
P00183,BR,60,79.157,-30,0.85,line_space,120,1.2,M1
P00184,C,60,78.181,-30,0.92,line_space,120,1.2,M1
P00185,TL,60,76.278,-30,0.92,line_space,120,1.2,M1
P00186,BR,60,77.246,-30,0.92,line_space,120,1.2,M1
P00187,C,60,80.817,-30,1.0,line_space,120,1.2,M1
P00188,TL,60,78.416,-30,1.0,line_space,120,1.2,M1
P00189,BR,60,79.662,-30,1.0,line_space,120,1.2,M1
P00190,C,60,75.968,-30,1.08,line_space,120,1.2,M1
P00191,TL,60,78.794,-30,1.08,line_space,120,1.2,M1
P00192,BR,60,79.851,-30,1.08,line_space,120,1.2,M1
P00193,C,60,76.371,-30,1.15,line_space,120,1.2,M1
P00194,TL,60,78.14,-30,1.15,line_space,120,1.2,M1
P00195,BR,60,77.244,-30,1.15,line_space,120,1.2,M1
P00196,C,60,63.091,0,0.85,line_space,120,1.2,M1
P00197,TL,60,65.166,0,0.85,line_space,120,1.2,M1
P00198,BR,60,66.105,0,0.85,line_space,120,1.2,M1
P00199,C,60,63.678,0,0.92,line_space,120,1.2,M1
P00200,TL,60,68.942,0,0.92,line_space,120,1.2,M1
P00201,BR,60,64.238,0,0.92,line_space,120,1.2,M1
P00202,C,60,64.936,0,1.0,line_space,120,1.2,M1
P00203,TL,60,65.179,0,1.0,line_space,120,1.2,M1
P00204,BR,60,65.251,0,1.0,line_space,120,1.2,M1
P00205,C,60,66.558,0,1.08,line_space,120,1.2,M1
P00206,TL,60,64.832,0,1.08,line_space,120,1.2,M1
P00207,BR,60,65.215,0,1.08,line_space,120,1.2,M1
P00208,C,60,64.038,0,1.15,line_space,120,1.2,M1
P00209,TL,60,65.58,0,1.15,line_space,120,1.2,M1
P00210,BR,60,67.505,0,1.15,line_space,120,1.2,M1
P00211,C,60,51.343,30,0.85,line_space,120,1.2,M1
P00212,TL,60,55.848,30,0.85,line_space,120,1.2,M1
P00213,BR,60,51.757,30,0.85,line_space,120,1.2,M1
P00214,C,60,54.044,30,0.92,line_space,120,1.2,M1
P00215,TL,60,54.655,30,0.92,line_space,120,1.2,M1
P00216,BR,60,55.296,30,0.92,line_space,120,1.2,M1
P00217,C,60,55.856,30,1.0,line_space,120,1.2,M1
P00218,TL,60,52.976,30,1.0,line_space,120,1.2,M1
P00219,BR,60,55.25,30,1.0,line_space,120,1.2,M1
P00220,C,60,55.315,30,1.08,line_space,120,1.2,M1
P00221,TL,60,54.946,30,1.08,line_space,120,1.2,M1
P00222,BR,60,53.813,30,1.08,line_space,120,1.2,M1
P00223,C,60,55.28,30,1.15,line_space,120,1.2,M1
P00224,TL,60,55.197,30,1.15,line_space,120,1.2,M1
P00225,BR,60,53.89,30,1.15,line_space,120,1.2,M1
P00226,C,60,26.423,60,0.85,line_space,120,1.2,M1
P00227,TL,60,28.401,60,0.85,line_space,120,1.2,M1
P00228,BR,60,25.454,60,0.85,line_space,120,1.2,M1
P00229,C,60,27.246,60,0.92,line_space,120,1.2,M1
P00230,TL,60,27.602,60,0.92,line_space,120,1.2,M1
P00231,BR,60,27.345,60,0.92,line_space,120,1.2,M1
P00232,C,60,27.506,60,1.0,line_space,120,1.2,M1
P00233,TL,60,25.883,60,1.0,line_space,120,1.2,M1
P00234,BR,60,25.976,60,1.0,line_space,120,1.2,M1
P00235,C,60,25.76,60,1.08,line_space,120,1.2,M1
P00236,TL,60,27.317,60,1.08,line_space,120,1.2,M1
P00237,BR,60,28.065,60,1.08,line_space,120,1.2,M1
P00238,C,60,30.617,60,1.15,line_space,120,1.2,M1
P00239,TL,60,30.029,60,1.15,line_space,120,1.2,M1
P00240,BR,60,30.336,60,1.15,line_space,120,1.2,M1
P00241,C,60,4.029,100,0.85,line_space,120,1.2,M1
P00242,TL,60,2.8,100,0.85,line_space,120,1.2,M1
P00243,BR,60,4.389,100,0.85,line_space,120,1.2,M1
P00244,C,60,2.355,100,0.92,line_space,120,1.2,M1
P00245,TL,60,6.695,100,0.92,line_space,120,1.2,M1
P00246,BR,60,6.556,100,0.92,line_space,120,1.2,M1
P00247,C,60,5.29,100,1.0,line_space,120,1.2,M1
P00248,TL,60,4.443,100,1.0,line_space,120,1.2,M1
P00249,BR,60,5.555,100,1.0,line_space,120,1.2,M1
P00250,C,60,5.214,100,1.08,line_space,120,1.2,M1
P00251,TL,60,6.717,100,1.08,line_space,120,1.2,M1
P00252,BR,60,5.082,100,1.08,line_space,120,1.2,M1
P00253,C,60,7.45,100,1.15,line_space,120,1.2,M1
P00254,TL,60,6.481,100,1.15,line_space,120,1.2,M1
P00255,BR,60,3.895,100,1.15,line_space,120,1.2,M1
P00256,C,60,1.135,150,0.85,line_space,120,1.2,M1
P00257,TL,60,0.836,150,0.85,line_space,120,1.2,M1
P00258,BR,60,4.076,150,0.85,line_space,120,1.2,M1
P00259,C,60,3.244,150,0.92,line_space,120,1.2,M1
P00260,TL,60,1.952,150,0.92,line_space,120,1.2,M1
P00261,BR,60,3.685,150,0.92,line_space,120,1.2,M1
P00262,C,60,5.542,150,1.0,line_space,120,1.2,M1
P00263,TL,60,6.445,150,1.0,line_space,120,1.2,M1
P00264,BR,60,4.865,150,1.0,line_space,120,1.2,M1
P00265,C,60,5.018,150,1.08,line_space,120,1.2,M1
P00266,TL,60,6.262,150,1.08,line_space,120,1.2,M1
P00267,BR,60,3.338,150,1.08,line_space,120,1.2,M1
P00268,C,60,6.989,150,1.15,line_space,120,1.2,M1
P00269,TL,60,8.099,150,1.15,line_space,120,1.2,M1
P00270,BR,60,7.124,150,1.15,line_space,120,1.2,M1
P00271,C,80,144.117,-150,0.85,line_space,160,1.2,M1
P00272,TL,80,145.517,-150,0.85,line_space,160,1.2,M1
P00273,BR,80,143.11,-150,0.85,line_space,160,1.2,M1
P00274,C,80,143.172,-150,0.92,line_space,160,1.2,M1
P00275,TL,80,145.539,-150,0.92,line_space,160,1.2,M1
P00276,BR,80,142.563,-150,0.92,line_space,160,1.2,M1
P00277,C,80,144.563,-150,1.0,line_space,160,1.2,M1
P00278,TL,80,146.261,-150,1.0,line_space,160,1.2,M1
P00279,BR,80,145.39,-150,1.0,line_space,160,1.2,M1
P00280,C,80,145.191,-150,1.08,line_space,160,1.2,M1
P00281,TL,80,143.62,-150,1.08,line_space,160,1.2,M1
P00282,BR,80,140.51,-150,1.08,line_space,160,1.2,M1
P00283,C,80,143.619,-150,1.15,line_space,160,1.2,M1
P00284,TL,80,144.049,-150,1.15,line_space,160,1.2,M1
P00285,BR,80,144.225,-150,1.15,line_space,160,1.2,M1
P00286,C,80,144.711,-100,0.85,line_space,160,1.2,M1
P00287,TL,80,142.787,-100,0.85,line_space,160,1.2,M1
P00288,BR,80,144.447,-100,0.85,line_space,160,1.2,M1
P00289,C,80,144.489,-100,0.92,line_space,160,1.2,M1
P00290,TL,80,143.634,-100,0.92,line_space,160,1.2,M1
P00291,BR,80,144.487,-100,0.92,line_space,160,1.2,M1
P00292,C,80,145.694,-100,1.0,line_space,160,1.2,M1
P00293,TL,80,142.4,-100,1.0,line_space,160,1.2,M1
P00294,BR,80,145.657,-100,1.0,line_space,160,1.2,M1
P00295,C,80,144.6,-100,1.08,line_space,160,1.2,M1
P00296,TL,80,143.365,-100,1.08,line_space,160,1.2,M1
P00297,BR,80,143.44,-100,1.08,line_space,160,1.2,M1
P00298,C,80,144.299,-100,1.15,line_space,160,1.2,M1
P00299,TL,80,142.458,-100,1.15,line_space,160,1.2,M1
P00300,BR,80,141.906,-100,1.15,line_space,160,1.2,M1
P00301,C,80,125.599,-60,0.85,line_space,160,1.2,M1
P00302,TL,80,125.851,-60,0.85,line_space,160,1.2,M1
P00303,BR,80,128.335,-60,0.85,line_space,160,1.2,M1
P00304,C,80,127.078,-60,0.92,line_space,160,1.2,M1
P00305,TL,80,124.094,-60,0.92,line_space,160,1.2,M1
P00306,BR,80,125.285,-60,0.92,line_space,160,1.2,M1
P00307,C,80,123.696,-60,1.0,line_space,160,1.2,M1
P00308,TL,80,125.034,-60,1.0,line_space,160,1.2,M1
P00309,BR,80,125.459,-60,1.0,line_space,160,1.2,M1
P00310,C,80,124.406,-60,1.08,line_space,160,1.2,M1
P00311,TL,80,125.231,-60,1.08,line_space,160,1.2,M1
P00312,BR,80,124.964,-60,1.08,line_space,160,1.2,M1
P00313,C,80,124.549,-60,1.15,line_space,160,1.2,M1
P00314,TL,80,124.796,-60,1.15,line_space,160,1.2,M1
P00315,BR,80,121.884,-60,1.15,line_space,160,1.2,M1
P00316,C,80,97.786,-30,0.85,line_space,160,1.2,M1
P00317,TL,80,97.966,-30,0.85,line_space,160,1.2,M1
P00318,BR,80,98.582,-30,0.85,line_space,160,1.2,M1
P00319,C,80,96.705,-30,0.92,line_space,160,1.2,M1
P00320,TL,80,96.656,-30,0.92,line_space,160,1.2,M1
P00321,BR,80,98.422,-30,0.92,line_space,160,1.2,M1
P00322,C,80,98.56,-30,1.0,line_space,160,1.2,M1
P00323,TL,80,98.617,-30,1.0,line_space,160,1.2,M1
P00324,BR,80,99.617,-30,1.0,line_space,160,1.2,M1
P00325,C,80,97.47,-30,1.08,line_space,160,1.2,M1
P00326,TL,80,97.855,-30,1.08,line_space,160,1.2,M1
P00327,BR,80,98.831,-30,1.08,line_space,160,1.2,M1
P00328,C,80,97.481,-30,1.15,line_space,160,1.2,M1
P00329,TL,80,96.755,-30,1.15,line_space,160,1.2,M1
P00330,BR,80,94.715,-30,1.15,line_space,160,1.2,M1
P00331,C,80,84.575,0,0.85,line_space,160,1.2,M1
P00332,TL,80,85.948,0,0.85,line_space,160,1.2,M1
P00333,BR,80,85.864,0,0.85,line_space,160,1.2,M1
P00334,C,80,84.62,0,0.92,line_space,160,1.2,M1
P00335,TL,80,83.948,0,0.92,line_space,160,1.2,M1
P00336,BR,80,84.136,0,0.92,line_space,160,1.2,M1
P00337,C,80,85.388,0,1.0,line_space,160,1.2,M1
P00338,TL,80,84.306,0,1.0,line_space,160,1.2,M1
P00339,BR,80,85.855,0,1.0,line_space,160,1.2,M1
P00340,C,80,83.948,0,1.08,line_space,160,1.2,M1
P00341,TL,80,84.96,0,1.08,line_space,160,1.2,M1
P00342,BR,80,84.015,0,1.08,line_space,160,1.2,M1
P00343,C,80,82.797,0,1.15,line_space,160,1.2,M1
P00344,TL,80,82.341,0,1.15,line_space,160,1.2,M1
P00345,BR,80,84.565,0,1.15,line_space,160,1.2,M1
P00346,C,80,70.13,30,0.85,line_space,160,1.2,M1
P00347,TL,80,73.68,30,0.85,line_space,160,1.2,M1
P00348,BR,80,70.648,30,0.85,line_space,160,1.2,M1
P00349,C,80,74.107,30,0.92,line_space,160,1.2,M1
P00350,TL,80,70.891,30,0.92,line_space,160,1.2,M1
P00351,BR,80,73.558,30,0.92,line_space,160,1.2,M1
P00352,C,80,73.005,30,1.0,line_space,160,1.2,M1
P00353,TL,80,70.574,30,1.0,line_space,160,1.2,M1
P00354,BR,80,72.027,30,1.0,line_space,160,1.2,M1
P00355,C,80,73.646,30,1.08,line_space,160,1.2,M1
P00356,TL,80,73.885,30,1.08,line_space,160,1.2,M1
P00357,BR,80,75.053,30,1.08,line_space,160,1.2,M1
P00358,C,80,72.835,30,1.15,line_space,160,1.2,M1
P00359,TL,80,73.013,30,1.15,line_space,160,1.2,M1
P00360,BR,80,71.829,30,1.15,line_space,160,1.2,M1
P00361,C,80,44.762,60,0.85,line_space,160,1.2,M1
P00362,TL,80,41.825,60,0.85,line_space,160,1.2,M1
P00363,BR,80,40.242,60,0.85,line_space,160,1.2,M1
P00364,C,80,41.934,60,0.92,line_space,160,1.2,M1
P00365,TL,80,44.368,60,0.92,line_space,160,1.2,M1
P00366,BR,80,44.941,60,0.92,line_space,160,1.2,M1
P00367,C,80,43.247,60,1.0,line_space,160,1.2,M1
P00368,TL,80,48.123,60,1.0,line_space,160,1.2,M1
P00369,BR,80,46.133,60,1.0,line_space,160,1.2,M1
P00370,C,80,42.946,60,1.08,line_space,160,1.2,M1
P00371,TL,80,45.787,60,1.08,line_space,160,1.2,M1
P00372,BR,80,45.732,60,1.08,line_space,160,1.2,M1
P00373,C,80,44.444,60,1.15,line_space,160,1.2,M1
P00374,TL,80,45.436,60,1.15,line_space,160,1.2,M1
P00375,BR,80,47.026,60,1.15,line_space,160,1.2,M1
P00376,C,80,21.695,100,0.85,line_space,160,1.2,M1
P00377,TL,80,22.987,100,0.85,line_space,160,1.2,M1
P00378,BR,80,21.197,100,0.85,line_space,160,1.2,M1
P00379,C,80,19.478,100,0.92,line_space,160,1.2,M1
P00380,TL,80,19.531,100,0.92,line_space,160,1.2,M1
P00381,BR,80,21.305,100,0.92,line_space,160,1.2,M1
P00382,C,80,22.009,100,1.0,line_space,160,1.2,M1
P00383,TL,80,24.129,100,1.0,line_space,160,1.2,M1
P00384,BR,80,23.517,100,1.0,line_space,160,1.2,M1
P00385,C,80,24.038,100,1.08,line_space,160,1.2,M1
P00386,TL,80,21.025,100,1.08,line_space,160,1.2,M1
P00387,BR,80,23.902,100,1.08,line_space,160,1.2,M1
P00388,C,80,25.087,100,1.15,line_space,160,1.2,M1
P00389,TL,80,23.31,100,1.15,line_space,160,1.2,M1
P00390,BR,80,22.802,100,1.15,line_space,160,1.2,M1
P00391,C,80,17.163,150,0.85,line_space,160,1.2,M1
P00392,TL,80,16.311,150,0.85,line_space,160,1.2,M1
P00393,BR,80,16.68,150,0.85,line_space,160,1.2,M1
P00394,C,80,18.315,150,0.92,line_space,160,1.2,M1
P00395,TL,80,18.492,150,0.92,line_space,160,1.2,M1
P00396,BR,80,19.955,150,0.92,line_space,160,1.2,M1
P00397,C,80,20.874,150,1.0,line_space,160,1.2,M1
P00398,TL,80,21.078,150,1.0,line_space,160,1.2,M1
P00399,BR,80,18.487,150,1.0,line_space,160,1.2,M1
P00400,C,80,22.875,150,1.08,line_space,160,1.2,M1
P00401,TL,80,22.78,150,1.08,line_space,160,1.2,M1
P00402,BR,80,21.562,150,1.08,line_space,160,1.2,M1
P00403,C,80,22.779,150,1.15,line_space,160,1.2,M1
P00404,TL,80,24.243,150,1.15,line_space,160,1.2,M1
P00405,BR,80,21.436,150,1.15,line_space,160,1.2,M1
P00406,C,100,174.114,-150,0.85,line_space,200,1.2,M1
P00407,TL,100,174.55,-150,0.85,line_space,200,1.2,M1
P00408,BR,100,173.715,-150,0.85,line_space,200,1.2,M1
P00409,C,100,174.47,-150,0.92,line_space,200,1.2,M1
P00410,TL,100,175.465,-150,0.92,line_space,200,1.2,M1
P00411,BR,100,175.327,-150,0.92,line_space,200,1.2,M1
P00412,C,100,172.625,-150,1.0,line_space,200,1.2,M1
P00413,TL,100,172.156,-150,1.0,line_space,200,1.2,M1
P00414,BR,100,172.281,-150,1.0,line_space,200,1.2,M1
P00415,C,100,167.049,-150,1.08,line_space,200,1.2,M1
P00416,TL,100,168.199,-150,1.08,line_space,200,1.2,M1
P00417,BR,100,170.882,-150,1.08,line_space,200,1.2,M1
P00418,C,100,166.899,-150,1.15,line_space,200,1.2,M1
P00419,TL,100,166.972,-150,1.15,line_space,200,1.2,M1
P00420,BR,100,170.142,-150,1.15,line_space,200,1.2,M1
P00421,C,100,174.622,-100,0.85,line_space,200,1.2,M1
P00422,TL,100,173.116,-100,0.85,line_space,200,1.2,M1
P00423,BR,100,174.308,-100,0.85,line_space,200,1.2,M1
P00424,C,100,168.421,-100,0.92,line_space,200,1.2,M1
P00425,TL,100,169.79,-100,0.92,line_space,200,1.2,M1
P00426,BR,100,170.737,-100,0.92,line_space,200,1.2,M1
P00427,C,100,170.246,-100,1.0,line_space,200,1.2,M1
P00428,TL,100,171.914,-100,1.0,line_space,200,1.2,M1
P00429,BR,100,169.434,-100,1.0,line_space,200,1.2,M1
P00430,C,100,169.208,-100,1.08,line_space,200,1.2,M1
P00431,TL,100,169.05,-100,1.08,line_space,200,1.2,M1
P00432,BR,100,167.804,-100,1.08,line_space,200,1.2,M1
P00433,C,100,166.366,-100,1.15,line_space,200,1.2,M1
P00434,TL,100,169.112,-100,1.15,line_space,200,1.2,M1
P00435,BR,100,167.221,-100,1.15,line_space,200,1.2,M1
P00436,C,100,150.475,-60,0.85,line_space,200,1.2,M1
P00437,TL,100,149.049,-60,0.85,line_space,200,1.2,M1
P00438,BR,100,146.982,-60,0.85,line_space,200,1.2,M1
P00439,C,100,147.675,-60,0.92,line_space,200,1.2,M1
P00440,TL,100,148.81,-60,0.92,line_space,200,1.2,M1
P00441,BR,100,148.344,-60,0.92,line_space,200,1.2,M1
P00442,C,100,146.825,-60,1.0,line_space,200,1.2,M1
P00443,TL,100,146.228,-60,1.0,line_space,200,1.2,M1
P00444,BR,100,146.634,-60,1.0,line_space,200,1.2,M1
P00445,C,100,146.886,-60,1.08,line_space,200,1.2,M1
P00446,TL,100,146.287,-60,1.08,line_space,200,1.2,M1
P00447,BR,100,147.271,-60,1.08,line_space,200,1.2,M1
P00448,C,100,143.543,-60,1.15,line_space,200,1.2,M1
P00449,TL,100,145.108,-60,1.15,line_space,200,1.2,M1
P00450,BR,100,143.04,-60,1.15,line_space,200,1.2,M1
P00451,C,100,120.35,-30,0.85,line_space,200,1.2,M1
P00452,TL,100,119.257,-30,0.85,line_space,200,1.2,M1
P00453,BR,100,118.828,-30,0.85,line_space,200,1.2,M1
P00454,C,100,117.82,-30,0.92,line_space,200,1.2,M1
P00455,TL,100,117.613,-30,0.92,line_space,200,1.2,M1
P00456,BR,100,117.726,-30,0.92,line_space,200,1.2,M1
P00457,C,100,115.779,-30,1.0,line_space,200,1.2,M1
P00458,TL,100,117.998,-30,1.0,line_space,200,1.2,M1
P00459,BR,100,116.824,-30,1.0,line_space,200,1.2,M1
P00460,C,100,117.509,-30,1.08,line_space,200,1.2,M1
P00461,TL,100,117.503,-30,1.08,line_space,200,1.2,M1
P00462,BR,100,116.093,-30,1.08,line_space,200,1.2,M1
P00463,C,100,116.497,-30,1.15,line_space,200,1.2,M1
P00464,TL,100,116.182,-30,1.15,line_space,200,1.2,M1
P00465,BR,100,120.322,-30,1.15,line_space,200,1.2,M1
P00466,C,100,104.009,0,0.85,line_space,200,1.2,M1
P00467,TL,100,103.917,0,0.85,line_space,200,1.2,M1
P00468,BR,100,105.619,0,0.85,line_space,200,1.2,M1
P00469,C,100,104.352,0,0.92,line_space,200,1.2,M1
P00470,TL,100,103.591,0,0.92,line_space,200,1.2,M1
P00471,BR,100,105.032,0,0.92,line_space,200,1.2,M1
P00472,C,100,102.396,0,1.0,line_space,200,1.2,M1
P00473,TL,100,106.693,0,1.0,line_space,200,1.2,M1
P00474,BR,100,106.016,0,1.0,line_space,200,1.2,M1
P00475,C,100,104.644,0,1.08,line_space,200,1.2,M1
P00476,TL,100,102.136,0,1.08,line_space,200,1.2,M1
P00477,BR,100,103.698,0,1.08,line_space,200,1.2,M1
P00478,C,100,107.048,0,1.15,line_space,200,1.2,M1
P00479,TL,100,106.677,0,1.15,line_space,200,1.2,M1
P00480,BR,100,105.893,0,1.15,line_space,200,1.2,M1
P00481,C,100,90.596,30,0.85,line_space,200,1.2,M1
P00482,TL,100,92.618,30,0.85,line_space,200,1.2,M1
P00483,BR,100,89.096,30,0.85,line_space,200,1.2,M1
P00484,C,100,91.968,30,0.92,line_space,200,1.2,M1
P00485,TL,100,91.685,30,0.92,line_space,200,1.2,M1
P00486,BR,100,93.918,30,0.92,line_space,200,1.2,M1
P00487,C,100,90.071,30,1.0,line_space,200,1.2,M1
P00488,TL,100,91.597,30,1.0,line_space,200,1.2,M1
P00489,BR,100,93.041,30,1.0,line_space,200,1.2,M1
P00490,C,100,93.597,30,1.08,line_space,200,1.2,M1
P00491,TL,100,92.822,30,1.08,line_space,200,1.2,M1
P00492,BR,100,92.478,30,1.08,line_space,200,1.2,M1
P00493,C,100,93.897,30,1.15,line_space,200,1.2,M1
P00494,TL,100,93.863,30,1.15,line_space,200,1.2,M1
P00495,BR,100,90.733,30,1.15,line_space,200,1.2,M1
P00496,C,100,58.622,60,0.85,line_space,200,1.2,M1
P00497,TL,100,61.404,60,0.85,line_space,200,1.2,M1
P00498,BR,100,62.619,60,0.85,line_space,200,1.2,M1
P00499,C,100,61.221,60,0.92,line_space,200,1.2,M1
P00500,TL,100,60.984,60,0.92,line_space,200,1.2,M1
P00501,BR,100,64.818,60,0.92,line_space,200,1.2,M1
P00502,C,100,64.012,60,1.0,line_space,200,1.2,M1
P00503,TL,100,58.943,60,1.0,line_space,200,1.2,M1
P00504,BR,100,62.875,60,1.0,line_space,200,1.2,M1
P00505,C,100,63.209,60,1.08,line_space,200,1.2,M1
P00506,TL,100,63.254,60,1.08,line_space,200,1.2,M1
P00507,BR,100,61.571,60,1.08,line_space,200,1.2,M1
P00508,C,100,63.317,60,1.15,line_space,200,1.2,M1
P00509,TL,100,61.079,60,1.15,line_space,200,1.2,M1
P00510,BR,100,62.719,60,1.15,line_space,200,1.2,M1
P00511,C,100,36.333,100,0.85,line_space,200,1.2,M1
P00512,TL,100,35.715,100,0.85,line_space,200,1.2,M1
P00513,BR,100,37.948,100,0.85,line_space,200,1.2,M1
P00514,C,100,35.154,100,0.92,line_space,200,1.2,M1
P00515,TL,100,36.337,100,0.92,line_space,200,1.2,M1
P00516,BR,100,37.25,100,0.92,line_space,200,1.2,M1
P00517,C,100,39.873,100,1.0,line_space,200,1.2,M1
P00518,TL,100,40.588,100,1.0,line_space,200,1.2,M1
P00519,BR,100,38.166,100,1.0,line_space,200,1.2,M1
P00520,C,100,39.836,100,1.08,line_space,200,1.2,M1
P00521,TL,100,39.854,100,1.08,line_space,200,1.2,M1
P00522,BR,100,40.275,100,1.08,line_space,200,1.2,M1
P00523,C,100,41.162,100,1.15,line_space,200,1.2,M1
P00524,TL,100,42.387,100,1.15,line_space,200,1.2,M1
P00525,BR,100,42.969,100,1.15,line_space,200,1.2,M1
P00526,C,100,33.418,150,0.85,line_space,200,1.2,M1
P00527,TL,100,31.926,150,0.85,line_space,200,1.2,M1
P00528,BR,100,33.195,150,0.85,line_space,200,1.2,M1
P00529,C,100,34.879,150,0.92,line_space,200,1.2,M1
P00530,TL,100,34.883,150,0.92,line_space,200,1.2,M1
P00531,BR,100,35.176,150,0.92,line_space,200,1.2,M1
P00532,C,100,36.562,150,1.0,line_space,200,1.2,M1
P00533,TL,100,36.572,150,1.0,line_space,200,1.2,M1
P00534,BR,100,38.837,150,1.0,line_space,200,1.2,M1
P00535,C,100,42.148,150,1.08,line_space,200,1.2,M1
P00536,TL,100,37.7,150,1.08,line_space,200,1.2,M1
P00537,BR,100,40.93,150,1.08,line_space,200,1.2,M1
P00538,C,100,40.135,150,1.15,line_space,200,1.2,M1
P00539,TL,100,38.074,150,1.15,line_space,200,1.2,M1
P00540,BR,100,40.564,150,1.15,line_space,200,1.2,M1
P00541,C,55,111.236,-150,0.85,isolated_line,,1.2,M1
P00542,TL,55,109.296,-150,0.85,isolated_line,,1.2,M1
P00543,BR,55,110.761,-150,0.85,isolated_line,,1.2,M1
P00544,C,55,110.097,-150,0.92,isolated_line,,1.2,M1
P00545,TL,55,108.112,-150,0.92,isolated_line,,1.2,M1
P00546,BR,55,111.368,-150,0.92,isolated_line,,1.2,M1
P00547,C,55,111.144,-150,1.0,isolated_line,,1.2,M1
P00548,TL,55,110.071,-150,1.0,isolated_line,,1.2,M1
P00549,BR,55,108.95,-150,1.0,isolated_line,,1.2,M1
P00550,C,55,110.604,-150,1.08,isolated_line,,1.2,M1
P00551,TL,55,111.36,-150,1.08,isolated_line,,1.2,M1
P00552,BR,55,110.766,-150,1.08,isolated_line,,1.2,M1
P00553,C,55,108.67,-150,1.15,isolated_line,,1.2,M1
P00554,TL,55,110.088,-150,1.15,isolated_line,,1.2,M1
P00555,BR,55,108.98,-150,1.15,isolated_line,,1.2,M1
P00556,C,55,109.171,-100,0.85,isolated_line,,1.2,M1
P00557,TL,55,112.522,-100,0.85,isolated_line,,1.2,M1
P00558,BR,55,108.041,-100,0.85,isolated_line,,1.2,M1
P00559,C,55,111.641,-100,0.92,isolated_line,,1.2,M1
P00560,TL,55,109.291,-100,0.92,isolated_line,,1.2,M1
P00561,BR,55,108.809,-100,0.92,isolated_line,,1.2,M1
P00562,C,55,110.02,-100,1.0,isolated_line,,1.2,M1
P00563,TL,55,109.819,-100,1.0,isolated_line,,1.2,M1
P00564,BR,55,109.386,-100,1.0,isolated_line,,1.2,M1
P00565,C,55,110.653,-100,1.08,isolated_line,,1.2,M1
P00566,TL,55,111.02,-100,1.08,isolated_line,,1.2,M1
P00567,BR,55,109.246,-100,1.08,isolated_line,,1.2,M1
P00568,C,55,110.995,-100,1.15,isolated_line,,1.2,M1
P00569,TL,55,110.297,-100,1.15,isolated_line,,1.2,M1
P00570,BR,55,111.172,-100,1.15,isolated_line,,1.2,M1
P00571,C,55,109.336,-60,0.85,isolated_line,,1.2,M1
P00572,TL,55,108.953,-60,0.85,isolated_line,,1.2,M1
P00573,BR,55,109.644,-60,0.85,isolated_line,,1.2,M1
P00574,C,55,111.509,-60,0.92,isolated_line,,1.2,M1
P00575,TL,55,110.34,-60,0.92,isolated_line,,1.2,M1
P00576,BR,55,111.253,-60,0.92,isolated_line,,1.2,M1
P00577,C,55,111.16,-60,1.0,isolated_line,,1.2,M1
P00578,TL,55,109.457,-60,1.0,isolated_line,,1.2,M1
P00579,BR,55,110.705,-60,1.0,isolated_line,,1.2,M1
P00580,C,55,110.658,-60,1.08,isolated_line,,1.2,M1
P00581,TL,55,109.985,-60,1.08,isolated_line,,1.2,M1
P00582,BR,55,107.797,-60,1.08,isolated_line,,1.2,M1
P00583,C,55,109.75,-60,1.15,isolated_line,,1.2,M1
P00584,TL,55,109.711,-60,1.15,isolated_line,,1.2,M1
P00585,BR,55,113.115,-60,1.15,isolated_line,,1.2,M1
P00586,C,55,77.638,-30,0.85,isolated_line,,1.2,M1
P00587,TL,55,82.427,-30,0.85,isolated_line,,1.2,M1
P00588,BR,55,79.778,-30,0.85,isolated_line,,1.2,M1
P00589,C,55,79.802,-30,0.92,isolated_line,,1.2,M1
P00590,TL,55,80.769,-30,0.92,isolated_line,,1.2,M1
P00591,BR,55,79.584,-30,0.92,isolated_line,,1.2,M1
P00592,C,55,78.114,-30,1.0,isolated_line,,1.2,M1
P00593,TL,55,76.928,-30,1.0,isolated_line,,1.2,M1
P00594,BR,55,78.339,-30,1.0,isolated_line,,1.2,M1
P00595,C,55,79.161,-30,1.08,isolated_line,,1.2,M1
P00596,TL,55,79.809,-30,1.08,isolated_line,,1.2,M1
P00597,BR,55,79.555,-30,1.08,isolated_line,,1.2,M1
P00598,C,55,78.448,-30,1.15,isolated_line,,1.2,M1
P00599,TL,55,78.648,-30,1.15,isolated_line,,1.2,M1
P00600,BR,55,77.596,-30,1.15,isolated_line,,1.2,M1
P00601,C,55,61.047,0,0.85,isolated_line,,1.2,M1
P00602,TL,55,63.324,0,0.85,isolated_line,,1.2,M1
P00603,BR,55,60.257,0,0.85,isolated_line,,1.2,M1
P00604,C,55,61.957,0,0.92,isolated_line,,1.2,M1
P00605,TL,55,60.803,0,0.92,isolated_line,,1.2,M1
P00606,BR,55,59.482,0,0.92,isolated_line,,1.2,M1
P00607,C,55,60.461,0,1.0,isolated_line,,1.2,M1
P00608,TL,55,61.765,0,1.0,isolated_line,,1.2,M1
P00609,BR,55,58.566,0,1.0,isolated_line,,1.2,M1
P00610,C,55,57.205,0,1.08,isolated_line,,1.2,M1
P00611,TL,55,61.319,0,1.08,isolated_line,,1.2,M1
P00612,BR,55,63.866,0,1.08,isolated_line,,1.2,M1
P00613,C,55,61.512,0,1.15,isolated_line,,1.2,M1
P00614,TL,55,63.233,0,1.15,isolated_line,,1.2,M1
P00615,BR,55,58.715,0,1.15,isolated_line,,1.2,M1
P00616,C,55,42.125,30,0.85,isolated_line,,1.2,M1
P00617,TL,55,43.504,30,0.85,isolated_line,,1.2,M1
P00618,BR,55,40.369,30,0.85,isolated_line,,1.2,M1
P00619,C,55,42.798,30,0.92,isolated_line,,1.2,M1
P00620,TL,55,44.447,30,0.92,isolated_line,,1.2,M1
P00621,BR,55,43.308,30,0.92,isolated_line,,1.2,M1
P00622,C,55,44.085,30,1.0,isolated_line,,1.2,M1
P00623,TL,55,43.669,30,1.0,isolated_line,,1.2,M1
P00624,BR,55,43.033,30,1.0,isolated_line,,1.2,M1
P00625,C,55,44.142,30,1.08,isolated_line,,1.2,M1
P00626,TL,55,44.546,30,1.08,isolated_line,,1.2,M1
P00627,BR,55,44.994,30,1.08,isolated_line,,1.2,M1
P00628,C,55,42.528,30,1.15,isolated_line,,1.2,M1
P00629,TL,55,43.759,30,1.15,isolated_line,,1.2,M1
P00630,BR,55,44.725,30,1.15,isolated_line,,1.2,M1
P00631,C,55,2.181,60,0.85,isolated_line,,1.2,M1
P00632,TL,55,7.101,60,0.85,isolated_line,,1.2,M1
P00633,BR,55,4.212,60,0.85,isolated_line,,1.2,M1
P00634,C,55,4.208,60,0.92,isolated_line,,1.2,M1
P00635,TL,55,4.025,60,0.92,isolated_line,,1.2,M1
P00636,BR,55,6.642,60,0.92,isolated_line,,1.2,M1
P00637,C,55,3.02,60,1.0,isolated_line,,1.2,M1
P00638,TL,55,5.688,60,1.0,isolated_line,,1.2,M1
P00639,BR,55,4.118,60,1.0,isolated_line,,1.2,M1
P00640,C,55,3.541,60,1.08,isolated_line,,1.2,M1
P00641,TL,55,4.367,60,1.08,isolated_line,,1.2,M1
P00642,BR,55,4.945,60,1.08,isolated_line,,1.2,M1
P00643,C,55,8.343,60,1.15,isolated_line,,1.2,M1
P00644,TL,55,5.221,60,1.15,isolated_line,,1.2,M1
P00645,BR,55,7.624,60,1.15,isolated_line,,1.2,M1
P00646,C,55,2.003,100,0.85,isolated_line,,1.2,M1
P00647,TL,55,2.833,100,0.85,isolated_line,,1.2,M1
P00648,BR,55,1.773,100,0.85,isolated_line,,1.2,M1
P00649,C,55,-0.707,100,0.92,isolated_line,,1.2,M1
P00650,TL,55,0.101,100,0.92,isolated_line,,1.2,M1
P00651,BR,55,-0.407,100,0.92,isolated_line,,1.2,M1
P00652,C,55,1.032,100,1.0,isolated_line,,1.2,M1
P00653,TL,55,1.084,100,1.0,isolated_line,,1.2,M1
P00654,BR,55,-0.457,100,1.0,isolated_line,,1.2,M1
P00655,C,55,0.3,100,1.08,isolated_line,,1.2,M1
P00656,TL,55,0.859,100,1.08,isolated_line,,1.2,M1
P00657,BR,55,1.821,100,1.08,isolated_line,,1.2,M1
P00658,C,55,2.444,100,1.15,isolated_line,,1.2,M1
P00659,TL,55,1.188,100,1.15,isolated_line,,1.2,M1
P00660,BR,55,0.141,100,1.15,isolated_line,,1.2,M1
P00661,C,55,-0.975,150,0.85,isolated_line,,1.2,M1
P00662,TL,55,0.313,150,0.85,isolated_line,,1.2,M1
P00663,BR,55,0.754,150,0.85,isolated_line,,1.2,M1
P00664,C,55,1.039,150,0.92,isolated_line,,1.2,M1
P00665,TL,55,1.383,150,0.92,isolated_line,,1.2,M1
P00666,BR,55,3.495,150,0.92,isolated_line,,1.2,M1
P00667,C,55,3.161,150,1.0,isolated_line,,1.2,M1
P00668,TL,55,2.639,150,1.0,isolated_line,,1.2,M1
P00669,BR,55,1.528,150,1.0,isolated_line,,1.2,M1
P00670,C,55,2.608,150,1.08,isolated_line,,1.2,M1
P00671,TL,55,1.451,150,1.08,isolated_line,,1.2,M1
P00672,BR,55,1.397,150,1.08,isolated_line,,1.2,M1
P00673,C,55,3.041,150,1.15,isolated_line,,1.2,M1
P00674,TL,55,2.265,150,1.15,isolated_line,,1.2,M1
P00675,BR,55,-1.226,150,1.15,isolated_line,,1.2,M1
P00676,C,70,141.111,-150,0.85,contact_hole,140,1.2,M1
P00677,TL,70,140.966,-150,0.85,contact_hole,140,1.2,M1
P00678,BR,70,141.277,-150,0.85,contact_hole,140,1.2,M1
P00679,C,70,141.87,-150,0.92,contact_hole,140,1.2,M1
P00680,TL,70,141.471,-150,0.92,contact_hole,140,1.2,M1
P00681,BR,70,140.964,-150,0.92,contact_hole,140,1.2,M1
P00682,C,70,141.081,-150,1.0,contact_hole,140,1.2,M1
P00683,TL,70,143.914,-150,1.0,contact_hole,140,1.2,M1
P00684,BR,70,140.575,-150,1.0,contact_hole,140,1.2,M1
P00685,C,70,140.583,-150,1.08,contact_hole,140,1.2,M1
P00686,TL,70,142.521,-150,1.08,contact_hole,140,1.2,M1
P00687,BR,70,142.583,-150,1.08,contact_hole,140,1.2,M1
P00688,C,70,141.821,-150,1.15,contact_hole,140,1.2,M1
P00689,TL,70,140.177,-150,1.15,contact_hole,140,1.2,M1
P00690,BR,70,141.124,-150,1.15,contact_hole,140,1.2,M1
P00691,C,70,140.548,-100,0.85,contact_hole,140,1.2,M1
P00692,TL,70,140.694,-100,0.85,contact_hole,140,1.2,M1
P00693,BR,70,140.714,-100,0.85,contact_hole,140,1.2,M1
P00694,C,70,141.878,-100,0.92,contact_hole,140,1.2,M1
P00695,TL,70,141.272,-100,0.92,contact_hole,140,1.2,M1
P00696,BR,70,140.477,-100,0.92,contact_hole,140,1.2,M1
P00697,C,70,140.723,-100,1.0,contact_hole,140,1.2,M1
P00698,TL,70,140.068,-100,1.0,contact_hole,140,1.2,M1
P00699,BR,70,138.653,-100,1.0,contact_hole,140,1.2,M1
P00700,C,70,138.845,-100,1.08,contact_hole,140,1.2,M1
P00701,TL,70,139.568,-100,1.08,contact_hole,140,1.2,M1
P00702,BR,70,140.487,-100,1.08,contact_hole,140,1.2,M1
P00703,C,70,141.274,-100,1.15,contact_hole,140,1.2,M1
P00704,TL,70,139.572,-100,1.15,contact_hole,140,1.2,M1
P00705,BR,70,140.758,-100,1.15,contact_hole,140,1.2,M1
P00706,C,70,122.262,-60,0.85,contact_hole,140,1.2,M1
P00707,TL,70,121.311,-60,0.85,contact_hole,140,1.2,M1
P00708,BR,70,121.55,-60,0.85,contact_hole,140,1.2,M1
P00709,C,70,119.865,-60,0.92,contact_hole,140,1.2,M1
P00710,TL,70,120.486,-60,0.92,contact_hole,140,1.2,M1
P00711,BR,70,123.476,-60,0.92,contact_hole,140,1.2,M1
P00712,C,70,121.956,-60,1.0,contact_hole,140,1.2,M1
P00713,TL,70,119.932,-60,1.0,contact_hole,140,1.2,M1
P00714,BR,70,120.471,-60,1.0,contact_hole,140,1.2,M1
P00715,C,70,121.119,-60,1.08,contact_hole,140,1.2,M1
P00716,TL,70,121.172,-60,1.08,contact_hole,140,1.2,M1
P00717,BR,70,121.057,-60,1.08,contact_hole,140,1.2,M1
P00718,C,70,122.272,-60,1.15,contact_hole,140,1.2,M1
P00719,TL,70,119.725,-60,1.15,contact_hole,140,1.2,M1
P00720,BR,70,119.765,-60,1.15,contact_hole,140,1.2,M1
P00721,C,70,89.742,-30,0.85,contact_hole,140,1.2,M1
P00722,TL,70,90.323,-30,0.85,contact_hole,140,1.2,M1
P00723,BR,70,91.868,-30,0.85,contact_hole,140,1.2,M1
P00724,C,70,89.489,-30,0.92,contact_hole,140,1.2,M1
P00725,TL,70,92.008,-30,0.92,contact_hole,140,1.2,M1
P00726,BR,70,91.53,-30,0.92,contact_hole,140,1.2,M1
P00727,C,70,89.515,-30,1.0,contact_hole,140,1.2,M1
P00728,TL,70,89.637,-30,1.0,contact_hole,140,1.2,M1
P00729,BR,70,90.869,-30,1.0,contact_hole,140,1.2,M1
P00730,C,70,89.7,-30,1.08,contact_hole,140,1.2,M1
P00731,TL,70,88.455,-30,1.08,contact_hole,140,1.2,M1
P00732,BR,70,89.383,-30,1.08,contact_hole,140,1.2,M1
P00733,C,70,91.842,-30,1.15,contact_hole,140,1.2,M1
P00734,TL,70,89.209,-30,1.15,contact_hole,140,1.2,M1
P00735,BR,70,88.625,-30,1.15,contact_hole,140,1.2,M1
P00736,C,70,73.61,0,0.85,contact_hole,140,1.2,M1
P00737,TL,70,72.804,0,0.85,contact_hole,140,1.2,M1
P00738,BR,70,76.634,0,0.85,contact_hole,140,1.2,M1
P00739,C,70,75.927,0,0.92,contact_hole,140,1.2,M1
P00740,TL,70,73.344,0,0.92,contact_hole,140,1.2,M1
P00741,BR,70,76.181,0,0.92,contact_hole,140,1.2,M1
P00742,C,70,77.191,0,1.0,contact_hole,140,1.2,M1
P00743,TL,70,74.619,0,1.0,contact_hole,140,1.2,M1
P00744,BR,70,74.932,0,1.0,contact_hole,140,1.2,M1
P00745,C,70,76.145,0,1.08,contact_hole,140,1.2,M1
P00746,TL,70,72.47,0,1.08,contact_hole,140,1.2,M1
P00747,BR,70,74.073,0,1.08,contact_hole,140,1.2,M1
P00748,C,70,76.573,0,1.15,contact_hole,140,1.2,M1
P00749,TL,70,75.496,0,1.15,contact_hole,140,1.2,M1
P00750,BR,70,75.955,0,1.15,contact_hole,140,1.2,M1
P00751,C,70,57.82,30,0.85,contact_hole,140,1.2,M1
P00752,TL,70,59.881,30,0.85,contact_hole,140,1.2,M1
P00753,BR,70,58.696,30,0.85,contact_hole,140,1.2,M1
P00754,C,70,59.513,30,0.92,contact_hole,140,1.2,M1
P00755,TL,70,61.043,30,0.92,contact_hole,140,1.2,M1
P00756,BR,70,62.057,30,0.92,contact_hole,140,1.2,M1
P00757,C,70,61.842,30,1.0,contact_hole,140,1.2,M1
P00758,TL,70,59.589,30,1.0,contact_hole,140,1.2,M1
P00759,BR,70,61.679,30,1.0,contact_hole,140,1.2,M1
P00760,C,70,62.145,30,1.08,contact_hole,140,1.2,M1
P00761,TL,70,60.458,30,1.08,contact_hole,140,1.2,M1
P00762,BR,70,61.581,30,1.08,contact_hole,140,1.2,M1
P00763,C,70,60.302,30,1.15,contact_hole,140,1.2,M1
P00764,TL,70,61.199,30,1.15,contact_hole,140,1.2,M1
P00765,BR,70,63.416,30,1.15,contact_hole,140,1.2,M1
P00766,C,70,27.453,60,0.85,contact_hole,140,1.2,M1
P00767,TL,70,30.049,60,0.85,contact_hole,140,1.2,M1
P00768,BR,70,30.277,60,0.85,contact_hole,140,1.2,M1
P00769,C,70,27.202,60,0.92,contact_hole,140,1.2,M1
P00770,TL,70,27.505,60,0.92,contact_hole,140,1.2,M1
P00771,BR,70,29.102,60,0.92,contact_hole,140,1.2,M1
P00772,C,70,29.548,60,1.0,contact_hole,140,1.2,M1
P00773,TL,70,29.068,60,1.0,contact_hole,140,1.2,M1
P00774,BR,70,27.732,60,1.0,contact_hole,140,1.2,M1
P00775,C,70,29.022,60,1.08,contact_hole,140,1.2,M1
P00776,TL,70,28.831,60,1.08,contact_hole,140,1.2,M1
P00777,BR,70,28.742,60,1.08,contact_hole,140,1.2,M1
P00778,C,70,32.533,60,1.15,contact_hole,140,1.2,M1
P00779,TL,70,30.663,60,1.15,contact_hole,140,1.2,M1
P00780,BR,70,29.708,60,1.15,contact_hole,140,1.2,M1
P00781,C,70,-0.4,100,0.85,contact_hole,140,1.2,M1
P00782,TL,70,2.077,100,0.85,contact_hole,140,1.2,M1
P00783,BR,70,1.579,100,0.85,contact_hole,140,1.2,M1
P00784,C,70,1.274,100,0.92,contact_hole,140,1.2,M1
P00785,TL,70,0.491,100,0.92,contact_hole,140,1.2,M1
P00786,BR,70,3.533,100,0.92,contact_hole,140,1.2,M1
P00787,C,70,3.366,100,1.0,contact_hole,140,1.2,M1
P00788,TL,70,1.038,100,1.0,contact_hole,140,1.2,M1
P00789,BR,70,1.685,100,1.0,contact_hole,140,1.2,M1
P00790,C,70,-0.156,100,1.08,contact_hole,140,1.2,M1
P00791,TL,70,4.022,100,1.08,contact_hole,140,1.2,M1
P00792,BR,70,1.51,100,1.08,contact_hole,140,1.2,M1
P00793,C,70,5.143,100,1.15,contact_hole,140,1.2,M1
P00794,TL,70,3.498,100,1.15,contact_hole,140,1.2,M1
P00795,BR,70,3.867,100,1.15,contact_hole,140,1.2,M1
P00796,C,70,0.172,150,0.85,contact_hole,140,1.2,M1
P00797,TL,70,1.902,150,0.85,contact_hole,140,1.2,M1
P00798,BR,70,1.911,150,0.85,contact_hole,140,1.2,M1
P00799,C,70,0.405,150,0.92,contact_hole,140,1.2,M1
P00800,TL,70,-0.505,150,0.92,contact_hole,140,1.2,M1
P00801,BR,70,-1.015,150,0.92,contact_hole,140,1.2,M1
P00802,C,70,-1.159,150,1.0,contact_hole,140,1.2,M1
P00803,TL,70,-0.697,150,1.0,contact_hole,140,1.2,M1
P00804,BR,70,0.792,150,1.0,contact_hole,140,1.2,M1
P00805,C,70,1.808,150,1.08,contact_hole,140,1.2,M1
P00806,TL,70,-0.318,150,1.08,contact_hole,140,1.2,M1
P00807,BR,70,3.73,150,1.08,contact_hole,140,1.2,M1
P00808,C,70,4.005,150,1.15,contact_hole,140,1.2,M1
P00809,TL,70,3.821,150,1.15,contact_hole,140,1.2,M1
P00810,BR,70,2.032,150,1.15,contact_hole,140,1.2,M1
